Rank,Song,Artist,Plays,Chart,Langauge,,,,,
1,Patient Zero,Taylor Swift,2348147,United States,English,,,,,
2,Choosin' Texas,Ella Langley,1246655,United States,English,,,,,
3,Nicole Kidman,Adéla,1170756,United States,English,,,,,
4,Babylon,Taylor Swift,1136232,United States,English,,,,,
5,Cleveland!,Taylor Swift,1056989,United States,English,,,,,
6,Pink Clouding,Taylor Swift,1028534,United States,English,,,,,
7,Earrings,Malcolm Todd,998911,United States,English,,,,,
8,BbY WOW,KAROL G,984770,United States,Spanish,,,,,
9,stupid song,Olivia Rodrigo,934048,United States,English,,,,,
10,the cure,Olivia Rodrigo,934565,United States,English,,,,,
1,Ei riidella enaa,Celdos,89105,Finland,Finish,,,,,
2,PALOKUNTA,Dw,61555,Finland,Finish,,,,,
3,Vaara nainen,ida,60497,Finland,Finish,,,,,
4,Asento,Averagekidluke,49673,Finland,Finish,,,,,
5,Liekki,Mirella,41099,Finland,Finish,,,,,
6,Kaiken Varalta,Isac Elliot,40547,Finland,Finish,,,,,
7,Juon sut pois,Ares,40547,Finland,Mixed (english-finish),,,,,
8,Eilinen,Isac Elliot,37703,Finland,Finish,,,,,
9,Sydan on rikki,Allisa Sryja,37703,Finland,Finish,,,,,
10,Kirja,AHTI,32730,Finland,Finish,,,,,
1,Fille a Papa,Vacra,680737,France,French,,,,,
2,La Nocture,Tiakola and Theodora,339266,France,French,,,,,
3,Melo Dacale,Tiakola,318360,France,French,,,,,
4,Sicaro,Timal,244818,France,French,,,,,
5,Sexy Nana,Aya Nakamura,242115,France,French,,,,,
6,Seminarie ,Bello and Dallas,206620,France,French,,,,,
7,Pile,Mauvais djio,198691,France,French,,,,,
8,La petasse,Aya Nakamura,192601,France,French,,,,,
9,Pocahontas,PLK,186907,France,French,,,,,
10,Maladie,Mauvais djio,178946,France,French,,,,,
1, BbY WOW,KAROL G ,"1,740,054",Mexico,Spanish,,,,,
2," OLIVIA LA FLAKA (w/ Tito Double P, Victor Mendivil, Ovi)",Natanael Cano ,"1,644,894",Mexico,Spanish,,,,,
3, RIKI,Neton Vega ,"867,113",Mexico,Spanish,,,,,
4, Nalguita y Teta,Neton Vega ,"862,108",Mexico,Spanish,,,,,
5, Ayúdame,LOS DOS DE TAMAULIPAS ,"822,619",Mexico,Spanish,,,,,
6, Te Estoy Correteando (w/ Fred again..),LATIN MAFIA ,"761,481",Mexico,Spanish,,,,,
7, DEMENCIA (w/ Gael Valenzuela),Junior H ,"741,035",Mexico,Spanish,,,,,
8, King of Watches,Omar Camacho ,"651,421",Mexico,Spanish,,,,,
9, SUPERESTRELLA,Aitana ,"616,341",Mexico,Spanish,,,,,
10, Todo Lo Fue,Lenin Ramírez ,"593,371",Mexico,Spanish,,,,,
1,SUV 2,"DESH, Young Fly","101,622",Hungary,Hungarian,,,,,
2,CIA,"Marics Peti, Kkevin, DZSINDZSER","86,061",Hungary,Hungarian,,,,,
3,NEXT N GO,"VINI, Nagy Bogi","80,310",Hungary,Hungarian,,,,,
4,PORNSTR,"Kkevin, Bruno X, Spacc","60,439",Hungary,Hungarian,,,,,
5,HELLO HELLO,"Benton.Hofi, Hundred Sins","52,067",Hungary,Hungarian,,,,,
6,Kiskece,"DESH, Young Fly","50,012",Hungary,Hungarian,,,,,
7,Analog foto,"Glazzard, T.Danny","44,894",Hungary,Hungarian,,,,,
8,Trefa,"BLEANO, VINI","36,209",Hungary,Hungarian,,,,,
9,TIP TIP,"DESH, Young Fly","29,385",Hungary,Hungarian,,,,,
10,businessman,"szvory, brendy","29,367",Hungary,Hungarian,,,,,
1,Patient Zero,Taylor Swift,"336,374",Germany,English,,,,,
2,Mr Brightside,The Killers,"203,979",Germany,English,,,,,
3,Von hier an blind,Wir sind Helden,"195,548",Germany,German,,,,,
4,Movin' to the Sun,"HUGEL, Imale Angel, Ultra Nate","194,176",Germany,Mixed (english-german),,,,,
5,Self Aware,Temper City,"191,317",Germany,English,,,,,
6,7 MANN,HARDWICK,"189,773",Germany,German,,,,,
7,Dai Dai,"Shakira, Burna Boy","165,912",Germany,English,,,,,
8,ISSA,Sido,"153,900",Germany,German,,,,,
9,Ain't in LA,Adéla,"147,192",Germany,English,,,,,
10,The One That Got Away,Katy Perry,"144,839",Germany,English,,,,,
1,Rein Me In,"Sam Fender, Olivia Dean","39,638",Ireland,English,,,,,
2,Patient Zero,Taylor Swift,"38,474",Ireland,English,,,,,
3,stupid song,Olivia Rodrigo,"33,321",Ireland,English,,,,,
4,Stop the Wedding!,Ashe,"32,501",Ireland,English,,,,,
5,The Sun Will Never Settle,Kingfishr,"32,104",Ireland,English,,,,,
6,Great Expectation,SIENNA SPIRO,"31,661",Ireland,English,,,,,
7,the cure,Olivia Rodrigo,"30,921",Ireland,English,,,,,
8,Willing and Able,Noah Kahan,"30,461",Ireland,English,,,,,
9,My Body Isn't Ready,sombr,"30,284",Ireland,English,,,,,
10,The Swell,Amble,"29,507",Ireland,English,,,,,
1, Lontano,Sfera Ebbasta ,"408,956",Italy,Italian,,,,,
2, Una bara per due,Tony Boy ,"317,115",Italy,Italian,,,,,
3, CANZONE D'AMORE,Geolier ,"226,580",Italy,Italian,,,,,
4, SOTTOGONNA,BLANCO ,"205,955",Italy,Italian,,,,,
5, PER NOI (w/ Achille Lauro),Geolier ,"185,826",Italy,Italian,,,,,
6, SWAG MUSIC,Artie 5ive ,"152,789",Italy,Italian,,,,,
7," 2 GIORNI DI FILA (w/ Sfera Ebbasta, ANNA)",Geolier ,"141,572",Italy,Italian,,,,,
8, Da Dio,Bresh ,"134,567",Italy,Italian,,,,,
9, Disfruto,Carla Morrison ,"131,097",Italy,Italian,,,,,
10, Bugie,Shiva ,"125,397",Italy,Italian,,,,,
,,,,,,,,,,
,,,,,,,,,,